	subj	task	event_id	tertile	ang_dist
0	114	ltm	16	clock	19.008042049980173
1	114	ltm	17	counter	-6.183744567667504
2	114	ltm	18	clock	36.23971495560745
3	114	ltm	19	counter	-6.387521133279262
4	114	ltm	20	clock	6.450151611737397
5	114	ltm	21	counter	-11.012735645943824
6	114	ltm	22	counter	-10.474601594325506
7	114	ltm	23	clock	10.591299068861286
8	114	ltm	24	clock	8.106677427957697
9	114	ltm	25	counter	-5.775869934453731
10	114	ltm	26	counter	-13.229741403404772
11	114	ltm	27	counter	-22.42942130962219
12	114	ltm	28	counter	-21.71969092244301
13	114	ltm	29	counter	27.132452941995325
14	114	ltm	30	counter	-10.36297536633805
15	114	ltm	31	center	0.3170472023378898
16	114	ltm	64	counter	16.130896170569088
17	114	ltm	65	clock	50.76799113566907
18	114	ltm	66	counter	-19.4220719458614
19	114	ltm	67	counter	-13.491778917866334
20	114	ltm	68	clock	5.338556009467253
21	114	ltm	69	clock	13.850573079377476
22	114	ltm	70	center	-1.2183119377027924
23	114	ltm	71	counter	-17.325956197378765
24	114	ltm	72	counter	-19.04478160628909
25	114	ltm	73	counter	-13.11798126135379
26	114	ltm	74	counter	-21.722544836360463
27	114	ltm	75	center	3.792683304310804
28	114	ltm	76	clock	17.05678775144309
29	114	ltm	77	counter	-13.619631764614915
30	114	ltm	78	center	0.1448720098699737
31	114	ltm	79	center	1.6038162784889247
32	114	ltm	112	clock	13.900855843422516
33	114	ltm	113	center	-1.6479346013198581
34	114	ltm	114	center	-5.429072964862617
35	114	ltm	115	clock	-18.81246642563343
36	114	ltm	116	counter	-7.185494838606324
37	114	ltm	117	counter	-25.489213644913676
38	114	ltm	118	center	2.478066819879757
39	114	ltm	119	counter	-30.71831068467752
40	114	ltm	120	clock	8.685113283134895
41	114	ltm	121	counter	-15.940434291672352
42	114	ltm	122	clock	4.410228202001039
43	114	ltm	123	counter	-17.56935328723929
44	114	ltm	124	clock	4.519868999845796
45	114	ltm	125	clock	31.029458373726904
46	114	ltm	126	counter	-12.073349689451362
47	114	ltm	127	center	4.1527580089547484
48	114	ltm	160	counter	-9.626985245304969
49	114	ltm	161	counter	-167.70038581762492
50	114	ltm	162	center	1.104441190468317
51	114	ltm	163	clock	23.48198546855736
52	114	ltm	164	center	2.1972639884165712
53	114	ltm	165	counter	-14.718686744797376
54	114	ltm	166	counter	-6.524343161582049
55	114	ltm	167	center	-5.3987780325123005
56	114	ltm	168	counter	-6.194230307403338
57	114	ltm	169	counter	-17.193397656989443
58	114	ltm	170	counter	-19.25089649862647
59	114	ltm	171	center	-1.46777673906499
60	114	ltm	172	clock	29.079206597053453
61	114	ltm	173	clock	8.283059942008114
62	114	ltm	174	counter	-6.5497353190895
63	114	ltm	175	counter	-12.313031935421469
64	114	perception	0	center	-0.8015269320103343
65	114	perception	1	center	0.4545786058863302
66	114	perception	2	clock	4.562946101803783
67	114	perception	3	clock	6.063892315908899
68	114	perception	4	center	2.5182029076173182
69	114	perception	5	center	-1.2433217693714649
70	114	perception	6	counter	-4.700641484552859
71	114	perception	7	center	-0.6458214828846277
72	114	perception	8	clock	4.61268188692852
73	114	perception	9	clock	4.555911361402546
74	114	perception	10	counter	-5.377729922334089
75	114	perception	11	clock	10.125579074761715
76	114	perception	12	clock	6.797505060825179
77	114	perception	13	clock	8.16597794822912
78	114	perception	14	counter	-4.54855147467138
79	114	perception	15	counter	-5.160675023028737
80	114	perception	48	clock	7.146266323026708
81	114	perception	49	clock	4.694709820160891
82	114	perception	50	center	-1.0041185175356209
83	114	perception	51	clock	6.701846502904993
84	114	perception	52	clock	8.378083798205198
85	114	perception	53	clock	4.897539642048105
86	114	perception	55	counter	-6.574331533296143
87	114	perception	56	clock	10.82909961566684
88	114	perception	57	clock	11.754838058504957
89	114	perception	58	center	2.5049981391956413
90	114	perception	59	counter	-5.671129658525538
91	114	perception	60	counter	-9.630835776127457
92	114	perception	61	counter	-2.555466781179831
93	114	perception	62	counter	-10.48193005025344
94	114	perception	63	center	-0.7633325900107726
95	114	perception	96	counter	-3.226963686426374
96	114	perception	97	counter	-2.2001799029699427
97	114	perception	98	clock	3.963409408298137
98	114	perception	99	counter	-2.6069941352059263
99	114	perception	100	clock	13.462794240929389
100	114	perception	101	counter	-9.669054929972209
101	114	perception	102	counter	-6.980104797267991
102	114	perception	103	center	1.9752339862768111
103	114	perception	104	center	-0.7691664222519157
104	114	perception	105	clock	5.552582429059261
105	114	perception	106	counter	-4.182179490180564
106	114	perception	107	center	-1.9175121541718712
107	114	perception	108	counter	-8.843831512460238
108	114	perception	109	counter	-6.364265277452539
109	114	perception	110	counter	-4.881838270149362
110	114	perception	111	counter	-2.6594006455142147
111	114	perception	144	clock	5.977587110335335
112	114	perception	145	counter	-5.734058928403322
113	114	perception	146	counter	-5.060918177173913
114	114	perception	147	center	-1.4505232089742672
115	114	perception	148	center	-1.1974208097274963
116	114	perception	149	center	-1.721173872955602
117	114	perception	150	counter	-5.221668994477784
118	114	perception	151	clock	8.971075856339084
119	114	perception	152	counter	13.895688996613616
120	114	perception	153	center	-0.2261685521340501
121	114	perception	154	counter	-8.676991744327546
122	114	perception	155	center	2.128732026021664
123	114	perception	156	clock	10.984107776198336
124	114	perception	157	center	1.2010914323975057
125	114	perception	158	clock	4.804113990477828
126	114	perception	159	counter	-12.794298040578074
127	114	wm	32	counter	-6.087530298053582
128	114	wm	33	clock	11.38410037376164
129	114	wm	34	counter	-12.2946138781663
130	114	wm	35	counter	-4.945763279472375
131	114	wm	36	clock	5.292686953108481
132	114	wm	37	center	2.149282516463728
133	114	wm	38	counter	-41.55045072985433
134	114	wm	39	counter	21.99991364736013
135	114	wm	40	clock	18.945801544990427
136	114	wm	41	counter	-34.12528961150851
137	114	wm	42	counter	163.4110642980565
138	114	wm	43	counter	-8.73138351038108
139	114	wm	44	clock	15.694502012113315
140	114	wm	46	center	-2.3050514922084773
141	114	wm	47	clock	7.131664646056369
142	114	wm	80	counter	-6.733912932937219
143	114	wm	81	counter	-6.390336521849422
144	114	wm	82	clock	5.986020308112167
145	114	wm	83	counter	-7.989552945628138
146	114	wm	84	clock	16.824094820338118
147	114	wm	85	center	-3.996024373577061
148	114	wm	86	center	0.2171316348358551
149	114	wm	87	clock	5.175554892493807
150	114	wm	88	center	1.1005859431069598
151	114	wm	89	counter	-10.6384908771331
152	114	wm	90	counter	-9.409574314827026
153	114	wm	91	center	3.7595446897972598
154	114	wm	92	center	1.7548088959573396
155	114	wm	93	clock	10.570117185627431
156	114	wm	94	counter	-13.354222836427954
157	114	wm	95	counter	-10.220209114169917
158	114	wm	128	counter	-6.8656061863746745
159	114	wm	129	center	-2.4246884626364382
160	114	wm	130	counter	-21.261755052177552
161	114	wm	131	clock	9.719734335940869
162	114	wm	132	center	0.1715772716216762
163	114	wm	133	counter	-11.486500239467494
164	114	wm	134	counter	-6.183284469873121
165	114	wm	135	clock	10.012969650405072
166	114	wm	136	center	3.0539213560987024
167	114	wm	137	center	0.1331908166288842
168	114	wm	138	counter	-21.19223926582969
169	114	wm	139	center	-2.2804491914665346
170	114	wm	140	clock	7.271960349163857
171	114	wm	141	clock	15.388112882798554
172	114	wm	142	counter	-10.735961590237418
173	114	wm	143	counter	-5.856809612277152
174	114	wm	176	counter	-16.1023405723596
175	114	wm	177	center	-0.6825567818632459
176	114	wm	178	clock	5.436286607673178
177	114	wm	179	center	2.241302821965157
178	114	wm	180	center	0.3317404007214261
179	114	wm	181	center	3.749676568578373
180	114	wm	182	center	1.886474117037948
181	114	wm	183	clock	13.330528082490524
182	114	wm	184	counter	-14.887163360241953
183	114	wm	185	center	1.843478676235465
184	114	wm	186	center	1.239670288232684
185	114	wm	187	counter	-6.961122871402477
186	114	wm	188	counter	-13.329473864577698
187	114	wm	189	counter	-10.30756153727097
188	114	wm	190	counter	-11.352458242975452
189	114	wm	191	center	-1.8446103540077685
190	115	ltm	16	counter	-9.93294773392581
191	115	ltm	18	counter	-9.152975648651427
192	115	ltm	19	clock	7.5067902119993954
193	115	ltm	20	counter	-5.910246792618063
194	115	ltm	21	center	3.4676769385369903
195	115	ltm	22	clock	21.69259355137796
196	115	ltm	23	counter	-10.930291462936369
197	115	ltm	24	center	-4.397123236651465
198	115	ltm	25	clock	5.894164630039466
199	115	ltm	26	counter	-16.50430857571928
200	115	ltm	27	counter	-16.03201050461434
201	115	ltm	28	counter	-16.562845795175097
202	115	ltm	29	center	3.1066395533905005
203	115	ltm	30	clock	25.666177817090865
204	115	ltm	31	counter	-6.821306310705557
205	115	ltm	64	counter	-14.206959559429167
206	115	ltm	65	clock	19.87398424673764
207	115	ltm	66	clock	8.627483505301853
208	115	ltm	67	clock	12.23847970000326
209	115	ltm	68	center	-0.4442432405394035
210	115	ltm	70	clock	11.94450570699434
211	115	ltm	71	clock	11.078734650989022
212	115	ltm	72	counter	-15.808272348896669
213	115	ltm	74	clock	18.025482570331583
214	115	ltm	75	counter	-31.6694490534682
215	115	ltm	76	center	-4.176679347726576
216	115	ltm	77	counter	-14.490672289264031
217	115	ltm	78	center	0.2850459684271477
218	115	ltm	79	clock	17.17943578640473
219	115	ltm	128	counter	-15.520305384933652
220	115	ltm	129	clock	11.802926504027509
221	115	ltm	130	center	-1.249025339708848
222	115	ltm	131	clock	15.217421599254878
223	115	ltm	132	counter	-16.273747763322195
224	115	ltm	133	counter	-9.98595073522064
225	115	ltm	134	counter	-8.209790369542791
226	115	ltm	135	counter	-17.422153994188914
227	115	ltm	136	counter	-7.564364410034893
228	115	ltm	137	counter	-7.79294849984964
229	115	ltm	138	clock	16.57806979020863
230	115	ltm	139	counter	-10.520253438838486
231	115	ltm	140	counter	-6.850250920563898
232	115	ltm	141	counter	151.2642895313153
233	115	ltm	142	clock	13.568493506989707
234	115	ltm	143	clock	6.6572639363071495
235	115	ltm	160	counter	-5.538944173699158
236	115	ltm	161	clock	6.160331138293256
237	115	ltm	162	center	3.470658624875977
238	115	ltm	163	counter	-7.594844913749078
239	115	ltm	164	counter	-14.039424480541232
240	115	ltm	165	counter	-6.965639089011544
241	115	ltm	166	clock	17.783641121366852
242	115	ltm	167	clock	7.946791702978394
243	115	ltm	168	counter	-8.509207002242164
244	115	ltm	169	clock	16.623832608603905
245	115	ltm	170	clock	38.30455775071968
246	115	ltm	171	counter	-8.761276075453592
247	115	ltm	172	center	3.412106471272505
248	115	ltm	173	clock	6.163390869148207
249	115	ltm	174	center	3.787799036463398
250	115	ltm	175	counter	-7.2696512820306
251	115	perception	0	center	2.0864969249779484
252	115	perception	1	center	-0.0096022019794362
253	115	perception	2	clock	4.591690190739681
254	115	perception	3	center	2.43235536313581
255	115	perception	4	counter	-8.922170803401157
256	115	perception	5	center	-0.4247398030547504
257	115	perception	6	clock	4.22401289883828
258	115	perception	7	counter	-6.203511461720397
259	115	perception	8	counter	-7.239921455573111
260	115	perception	9	counter	-6.996041379451259
261	115	perception	10	counter	-9.584768159206622
262	115	perception	11	counter	-2.490987980213946
263	115	perception	12	counter	-3.028130693733402
264	115	perception	13	clock	2.9969580334133665
265	115	perception	14	clock	3.439597331552889
266	115	perception	15	counter	-4.499902319123467
267	115	perception	48	clock	13.812068991970175
268	115	perception	49	center	0.3062078063316483
269	115	perception	50	counter	-2.9264758588333253
270	115	perception	51	center	1.6454812624648103
271	115	perception	52	counter	-10.635371945035509
272	115	perception	53	center	1.9240743608020567
273	115	perception	54	center	-0.0099755576041115
274	115	perception	55	clock	6.4963932133911255
275	115	perception	56	counter	-11.436942587037352
276	115	perception	57	counter	-5.882773604222473
277	115	perception	58	counter	-2.759935328720607
278	115	perception	59	center	-0.1163235653611337
279	115	perception	60	center	-1.1905863988972971
280	115	perception	61	center	1.7662015598444174
281	115	perception	62	center	-0.4816483084810297
282	115	perception	63	counter	-159.21636588756948
283	115	perception	96	center	0.6844930792602506
284	115	perception	97	center	0.8172289810568807
285	115	perception	98	clock	5.23685154732183
286	115	perception	99	counter	-5.125356419334501
287	115	perception	100	clock	6.09675947313785
288	115	perception	101	clock	6.481735144668465
289	115	perception	102	clock	10.004584711403746
290	115	perception	103	counter	-8.150389898979176
291	115	perception	104	center	0.7997181655128335
292	115	perception	105	center	-0.2973285627190839
293	115	perception	107	center	0.9173791251154884
294	115	perception	109	clock	4.906341820268319
295	115	perception	110	clock	15.735705866345986
296	115	perception	111	center	2.258851917070016
297	115	perception	112	clock	4.424923375974647
298	115	perception	113	center	2.2186786388250472
299	115	perception	114	center	2.3350278688302266
300	115	perception	115	counter	-3.3460462065677103
301	115	perception	116	counter	-8.76997519586982
302	115	perception	117	clock	10.873583127902386
303	115	perception	118	center	2.2587313943441454
304	115	perception	119	clock	3.020735079400101
305	115	perception	120	clock	4.355855500848026
306	115	perception	121	counter	-3.110745654740779
307	115	perception	122	clock	4.415251805581645
308	115	perception	123	clock	14.320631843638466
309	115	perception	124	clock	3.180931992410829
310	115	perception	125	clock	8.737937178783483
311	115	perception	126	center	-0.49891357372762535
312	115	perception	127	counter	-2.868885413329342
313	115	wm	32	center	0.9595530289467163
314	115	wm	33	counter	-21.02854230128392
315	115	wm	34	counter	-7.722402575668131
316	115	wm	35	center	0.0023093939746794
317	115	wm	36	counter	-5.107116577667795
318	115	wm	37	clock	16.289149499846157
319	115	wm	38	clock	8.54135784765749
320	115	wm	39	center	0.867073856286107
321	115	wm	40	counter	-5.101576938654444
322	115	wm	41	center	0.4377282804019718
323	115	wm	42	center	-1.4917858665003367
324	115	wm	43	center	1.991472575893517
325	115	wm	44	counter	-31.343461574961825
326	115	wm	45	counter	-6.159445133089082
327	115	wm	46	clock	7.736482744504085
328	115	wm	47	clock	8.522761645594274
329	115	wm	80	clock	11.710894204950524
330	115	wm	81	clock	7.301201772294801
331	115	wm	82	counter	-16.52703230509309
332	115	wm	83	counter	-9.654619493000514
333	115	wm	84	center	3.967615289741482
334	115	wm	85	counter	-4.1973974486270205
335	115	wm	86	counter	-7.060994265249589
336	115	wm	87	clock	18.943466983266763
337	115	wm	88	center	-0.5850277380006357
338	115	wm	89	center	3.0855088871815286
339	115	wm	90	clock	54.44291437208789
340	115	wm	91	counter	-8.217452016427183
341	115	wm	92	clock	4.775655510020062
342	115	wm	93	clock	10.008833317636842
343	115	wm	94	clock	-12.49147958702332
344	115	wm	95	counter	-5.114707085608296
345	115	wm	144	counter	-13.01593945004536
346	115	wm	145	clock	10.918842256654754
347	115	wm	146	counter	-143.53187219599835
348	115	wm	147	center	-2.7394549243956736
349	115	wm	148	counter	-13.576048120339598
350	115	wm	149	counter	-6.845333739708281
351	115	wm	150	counter	-6.736450286334978
352	115	wm	151	center	-1.777424653849662
353	115	wm	152	counter	-4.781706178365228
354	115	wm	153	clock	-13.294532235246038
355	115	wm	154	counter	-8.565299490211528
356	115	wm	155	clock	10.65915460582736
357	115	wm	156	clock	27.26640292725345
358	115	wm	157	center	-0.7761496046539187
359	115	wm	158	clock	8.236814352228649
360	115	wm	159	clock	4.783460712159827
361	115	wm	176	center	1.5416234755771892
362	115	wm	177	center	-3.3981095959525107
363	115	wm	178	clock	7.07508449334663
364	115	wm	179	center	3.1878887874771467
365	115	wm	180	counter	-5.721391905561758
366	115	wm	181	center	0.7777394365615804
367	115	wm	182	center	1.4406091117193525
368	115	wm	183	clock	12.721491196784903
369	115	wm	184	center	3.902535865475095
370	115	wm	185	center	0.1059484649380648
371	115	wm	186	clock	7.124822142753266
372	115	wm	187	clock	-8.78320833629607
373	115	wm	188	clock	10.87526942477498
374	115	wm	189	clock	-117.71539341176585
375	115	wm	190	clock	5.157553580460202
376	115	wm	191	clock	5.551586912104788
377	127	ltm	16	center	2.299168122686289
378	127	ltm	17	center	-3.127792237880102
379	127	ltm	18	clock	40.37998895596721
380	127	ltm	19	center	0.3529502566060465
381	127	ltm	20	center	-4.272943773318308
382	127	ltm	21	center	0.408815157540592
383	127	ltm	22	counter	-14.739114311583126
384	127	ltm	23	counter	-13.579185924263978
385	127	ltm	24	center	2.153406693541831
386	127	ltm	25	center	1.4526674499592258
387	127	ltm	26	center	2.2079207079761387
388	127	ltm	27	center	4.353169543169246
389	127	ltm	28	counter	-7.481785879284436
390	127	ltm	29	counter	-7.557231300581074
391	127	ltm	30	counter	2.0361711060028824
392	127	ltm	31	center	-0.5844257508149111
393	127	ltm	64	center	-4.429385261503453
394	127	ltm	65	counter	-8.49103154721307
395	127	ltm	66	center	1.173813970756551
396	127	ltm	67	center	-0.0174360633318157
397	127	ltm	68	center	0.36725042715336
398	127	ltm	69	counter	-8.371290606690208
399	127	ltm	70	center	-0.8041737479487429
400	127	ltm	71	clock	4.442573964268584
401	127	ltm	72	counter	-7.094421424795451
402	127	ltm	73	center	1.9111113682192773
403	127	ltm	74	center	-1.8576161975375847
404	127	ltm	75	center	-0.2951935885052149
405	127	ltm	76	clock	76.32689486030903
406	127	ltm	77	counter	-13.17810802710504
407	127	ltm	78	clock	7.349687543530317
408	127	ltm	79	center	-5.4583023125963335
409	127	ltm	112	center	-2.55189962474302
410	127	ltm	113	center	-0.70913333348163
411	127	ltm	114	center	1.3292682347414997
412	127	ltm	115	counter	-14.955740018246397
413	127	ltm	116	center	-2.8460614672604514
414	127	ltm	117	clock	16.140171723256266
415	127	ltm	118	clock	4.840250403476663
416	127	ltm	119	center	-2.165804162126883
417	127	ltm	120	counter	3.712644275495677
418	127	ltm	121	center	2.4094322157317403
419	127	ltm	122	counter	-5.770461750465454
420	127	ltm	123	counter	-10.165193051682287
421	127	ltm	124	center	-5.209688495696929
422	127	ltm	125	counter	-8.125768130679742
423	127	ltm	126	center	-3.9294565349079216
424	127	ltm	127	clock	153.37827839146505
425	127	ltm	160	center	-0.9052699620077113
426	127	ltm	161	counter	-13.343437417485069
427	127	ltm	162	center	3.2380414759198484
428	127	ltm	163	center	-1.0321077119068724
429	127	ltm	164	counter	-8.381437025035872
430	127	ltm	165	center	-1.8524317478227859
431	127	ltm	166	clock	6.7836449398174645
432	127	ltm	167	center	-5.43407869367344
433	127	ltm	168	counter	-5.903875556446521
434	127	ltm	169	clock	11.528704032186866
435	127	ltm	170	counter	-9.252412531290496
436	127	ltm	171	center	-2.25623006052087
437	127	ltm	172	center	0.7931083560545484
438	127	ltm	173	counter	-11.322722546861185
439	127	ltm	174	clock	4.502319101241594
440	127	ltm	175	counter	1.2423996931669876
441	127	perception	0	counter	-6.386554532478564
442	127	perception	1	center	-0.6120075656202619
443	127	perception	2	center	-1.6942653869043378
444	127	perception	3	clock	4.195546253914815
445	127	perception	4	center	-0.6216549795766322
446	127	perception	5	center	-0.739138838931163
447	127	perception	6	center	2.339447942236941
448	127	perception	7	center	-0.1344798376105942
449	127	perception	8	center	1.119028262707375
450	127	perception	9	center	-1.6075648602143462
451	127	perception	10	clock	4.541803753584471
452	127	perception	11	center	2.629366156306713
453	127	perception	12	center	2.529563583654949
454	127	perception	13	center	1.3021085135957258
455	127	perception	14	center	-0.5889085648997893
456	127	perception	15	center	2.142285521921844
457	127	perception	48	center	2.0061042035873475
458	127	perception	49	counter	-3.487267052270572
459	127	perception	50	center	-1.318975014038887
460	127	perception	51	clock	2.943016640576244
461	127	perception	52	center	1.6091221128402693
462	127	perception	53	center	-0.2542504680511859
463	127	perception	54	counter	-3.0896552882434865
464	127	perception	55	center	1.4240899680585444
465	127	perception	56	clock	7.376612486468293
466	127	perception	57	center	-0.0990268700712384
467	127	perception	58	center	-1.5892322966721415
468	127	perception	59	clock	4.147343087526632
469	127	perception	60	counter	-5.657252808833429
470	127	perception	61	clock	4.020282434084698
471	127	perception	62	counter	-6.656719684811713
472	127	perception	63	center	-0.9348601860184544
473	127	perception	144	center	2.575371263700962
474	127	perception	145	center	1.888910997703338
475	127	perception	146	counter	-5.689911386845427
476	127	perception	147	center	1.912525602180072
477	127	perception	148	counter	-9.645204621669592
478	127	perception	149	center	2.204004224474996
479	127	perception	150	center	-0.5350738754502604
480	127	perception	151	center	2.0482224115060093
481	127	perception	152	counter	-6.915383480202299
482	127	perception	153	clock	3.790352052931458
483	127	perception	154	center	0.8062995349066759
484	127	perception	155	clock	3.979539242460773
485	127	perception	156	center	1.4987831961404616
486	127	perception	157	center	-0.7314127467451859
487	127	perception	158	center	2.2410162137773804
488	127	perception	159	center	-0.3887373305551951
489	127	wm	32	center	3.863556028121705
490	127	wm	33	center	-3.033358680775082
491	127	wm	34	center	0.6658093970577389
492	127	wm	35	counter	-8.608826898543375
493	127	wm	36	center	0.6654428453266035
494	127	wm	37	counter	-8.687926610688912
495	127	wm	38	counter	-9.732609403676118
496	127	wm	39	center	0.2105865954169426
497	127	wm	40	center	-1.226126049884506
498	127	wm	41	counter	-5.259953323196106
499	127	wm	42	counter	-9.247580550027692
500	127	wm	43	center	0.2598665559908438
501	127	wm	44	clock	5.312414638857546
502	127	wm	45	clock	12.212628572987938
503	127	wm	46	center	1.551544395689084
504	127	wm	47	counter	-4.57004052083013
505	127	wm	80	center	-3.1640425073456493
506	127	wm	81	center	-2.944343003913016
507	127	wm	82	center	4.006031990273421
508	127	wm	83	clock	10.100499405200296
509	127	wm	84	clock	8.830803646870072
510	127	wm	85	center	-1.3046181681501106
511	127	wm	86	center	-3.864309462786842
512	127	wm	87	counter	-10.960950531406906
513	127	wm	88	center	1.376199065383145
514	127	wm	89	counter	-6.2270646848799975
515	127	wm	90	center	2.1782002702432828
516	127	wm	91	clock	8.977872337935954
517	127	wm	92	clock	9.117483573147062
518	127	wm	93	counter	-13.46614616337392
519	127	wm	94	counter	-8.019492195763865
520	127	wm	95	center	-0.1455656964787501
521	127	wm	128	counter	-5.031018195459376
522	127	wm	129	clock	4.0466423178494
523	127	wm	130	counter	-7.50599309548151
524	127	wm	131	center	0.936141002027248
525	127	wm	132	counter	-4.3729814929018325
526	127	wm	133	counter	-9.785205318997065
527	127	wm	134	center	-2.5227222203718003
528	127	wm	135	counter	-6.298255406295465
529	127	wm	136	clock	7.431543704574008
530	127	wm	137	center	1.5038702844617555
531	127	wm	138	center	-4.034958225573617
532	127	wm	139	counter	-11.832390641686054
533	127	wm	140	clock	7.3550099479303395
534	127	wm	141	center	-2.572976715329665
535	127	wm	142	center	0.3780484481161792
536	127	wm	143	clock	5.093860524409675
537	127	wm	176	counter	-9.91044046647944
538	127	wm	177	center	-1.552570411165776
539	127	wm	178	clock	5.971569063574968
540	127	wm	179	center	-4.195708791677636
541	127	wm	180	center	1.264159173324104
542	127	wm	181	center	3.0706712135028726
543	127	wm	182	center	-1.5724159414777457
544	127	wm	183	center	2.6425926671543545
545	127	wm	184	counter	-8.002971474617961
546	127	wm	185	counter	-11.109090136699104
547	127	wm	186	center	0.0738168659623161
548	127	wm	187	clock	4.707071951695681
549	127	wm	188	counter	-7.015637347916267
550	127	wm	189	counter	-11.667190931827914
551	127	wm	190	counter	-6.757549801268734
552	127	wm	191	center	3.8809688409748895
553	135	ltm	16	clock	6.794420059991998
554	135	ltm	17	center	-4.373177325385095
555	135	ltm	19	clock	5.244961934685382
556	135	ltm	20	center	-5.025751209199862
557	135	ltm	21	counter	-12.704071803687048
558	135	ltm	22	clock	11.592237151630178
559	135	ltm	23	center	-1.1893511218129855
560	135	ltm	24	counter	-8.67951108656185
561	135	ltm	26	clock	13.43758113880697
562	135	ltm	29	clock	7.37603028200051
563	135	ltm	30	center	-2.808170814976089
564	135	ltm	31	center	-0.0845146298117782
565	135	ltm	64	center	-0.04981408428435479
566	135	ltm	65	center	2.732728314921356
567	135	ltm	66	center	0.401082580406235
568	135	ltm	68	clock	5.349436732979914
569	135	ltm	69	clock	15.124734054800031
570	135	ltm	70	clock	8.17817120774431
571	135	ltm	71	counter	-6.552487584837837
572	135	ltm	72	clock	8.680309050599261
573	135	ltm	73	center	0.63498158025941
574	135	ltm	74	clock	4.435446062964752
575	135	ltm	75	counter	-16.095210444099997
576	135	ltm	76	counter	-13.220722165899968
577	135	ltm	77	counter	-12.84263047418075
578	135	ltm	79	center	3.163891195498491
579	135	ltm	113	center	0.2894022128008979
580	135	ltm	114	clock	10.644462132260347
581	135	ltm	115	center	-2.7084008170223304
582	135	ltm	160	center	-1.9330336735777205
583	135	ltm	162	center	-5.225130130536641
584	135	ltm	163	clock	9.864904395133284
585	135	ltm	168	clock	6.632459004096297
586	135	ltm	169	counter	-15.228408948640563
587	135	ltm	175	center	-4.190841867003416
588	135	perception	0	clock	3.4585797040460124
589	135	perception	1	clock	5.502172565069039
590	135	perception	2	counter	-6.862649239192982
591	135	perception	3	center	0.7884650546331392
592	135	perception	4	center	-1.1848925888752164
593	135	perception	5	counter	-2.6458277289135053
594	135	perception	6	center	-0.1833982733134783
595	135	perception	7	center	1.3821653566783447
596	135	perception	8	clock	3.4418983168255486
597	135	perception	9	center	0.1189637947626412
598	135	perception	10	clock	6.530582798268323
599	135	perception	11	clock	10.889235480381704
600	135	perception	12	center	-0.6734644333800568
601	135	perception	13	counter	-5.969810352263606
602	135	perception	14	counter	-4.13501940040325
603	135	perception	15	clock	4.729215405906216
604	135	perception	48	clock	21.11479502434204
605	135	perception	49	center	2.87191295138388
606	135	perception	50	clock	4.284350492672972
607	135	perception	52	clock	4.634905527787399
608	135	perception	53	counter	-7.571067319229253
609	135	perception	54	counter	-11.71411353548288
610	135	perception	55	center	1.568661524151317
611	135	perception	56	counter	-4.1814924540440055
612	135	perception	57	center	-2.0581575855588965
613	135	perception	58	counter	-2.059690408834104
614	135	perception	59	clock	3.8631576692418337
615	135	perception	60	center	-0.4529945366367518
616	135	perception	61	clock	14.10151584134872
617	135	perception	62	clock	5.813102540519323
618	135	perception	63	clock	9.672519436289685
619	135	perception	96	clock	11.951118054765743
620	135	perception	97	clock	5.081651882129389
621	135	perception	98	clock	5.593557526758024
622	135	perception	99	clock	4.25109591070354
623	135	perception	100	counter	-5.870341023312981
624	135	perception	104	clock	5.981150548647873
625	135	perception	108	counter	-6.667719129589519
626	135	perception	109	center	-1.954751796514236
627	135	perception	110	counter	-8.153725009230197
628	135	perception	144	clock	9.056961749364117
629	135	perception	145	clock	5.342337201547631
630	135	perception	146	counter	-5.673819086665968
631	135	perception	147	clock	7.117599896119001
632	135	perception	148	clock	5.117523585397082
633	135	perception	149	clock	6.635392599013168
634	135	perception	150	center	1.409393929071681
635	135	perception	151	center	2.443485138041813
636	135	perception	152	clock	4.573413662602595
637	135	perception	153	center	1.4527263091705267
638	135	perception	154	center	-0.1501562697870299
639	135	perception	155	clock	3.096097839883984
640	135	perception	156	center	-0.437011623776044
641	135	perception	157	center	0.1074778051154887
642	135	perception	158	clock	4.977718592489456
643	135	wm	32	center	-2.086241046977459
644	135	wm	33	clock	11.8653613553233
645	135	wm	34	center	0.7595203424510745
646	135	wm	35	counter	-10.632482110094855
647	135	wm	36	clock	5.1348860494631845
648	135	wm	37	counter	-17.93947219059035
649	135	wm	38	clock	8.487697283039685
650	135	wm	39	clock	4.378668335270877
651	135	wm	40	center	3.7083881705927126
652	135	wm	41	clock	5.286300432703373
653	135	wm	42	counter	-12.732266552166328
654	135	wm	43	clock	17.351079422453978
655	135	wm	44	counter	-12.150470239259192
656	135	wm	45	counter	-23.344905539468115
657	135	wm	46	clock	12.658305221630684
658	135	wm	47	clock	8.39674823130831
659	135	wm	80	center	-0.8132149489535381
660	135	wm	81	clock	5.820833437520034
661	135	wm	83	center	-3.091545141007336
662	135	wm	86	center	1.33625637163079
663	135	wm	88	counter	-5.219223917060437
664	135	wm	89	clock	-5.884038342938879
665	135	wm	90	center	-1.421814387764612
666	135	wm	91	center	-3.537263711796154
667	135	wm	92	clock	4.7238643328945225
668	135	wm	128	clock	6.233962395145229
669	135	wm	129	clock	17.659686141805146
670	135	wm	130	clock	10.047077935497517
671	135	wm	131	center	-0.5160638562063234
672	135	wm	132	clock	4.284725245002931
673	135	wm	133	counter	-10.661644353055236
674	135	wm	134	counter	-7.013680249033888
675	135	wm	135	center	1.131651026693271
676	135	wm	140	clock	10.203773066626752
677	135	wm	141	center	0.884779587390239
678	135	wm	142	center	0.1737437632345578
679	135	wm	143	clock	6.6955586540554055
680	135	wm	177	clock	5.731766258060918
681	135	wm	179	clock	9.200509550892187
682	135	wm	181	clock	9.180575997681377
683	135	wm	188	counter	-17.348418936792275
684	136	ltm	64	counter	-37.55569336881245
685	136	ltm	65	clock	4.981047732931856
686	136	ltm	66	counter	9.444599645202857
687	136	ltm	67	center	4.193348560842029
688	136	ltm	68	clock	14.665880846409644
689	136	ltm	69	counter	-10.916051055343996
690	136	ltm	70	clock	15.131101806304608
691	136	ltm	71	center	-4.976408006221792
692	136	ltm	72	center	-5.076775071332633
693	136	ltm	73	counter	-14.968278798956066
694	136	ltm	74	counter	-46.53843766272389
695	136	ltm	75	counter	-18.321719329248225
696	136	ltm	76	counter	-17.642880236373657
697	136	ltm	77	center	2.354409311913064
698	136	ltm	78	clock	5.149743624459788
699	136	ltm	79	center	2.8473859100902947
700	136	ltm	112	counter	12.320024552943892
701	136	ltm	113	clock	5.493605462537502
702	136	ltm	114	clock	9.09179280955267
703	136	ltm	115	counter	-8.16218628774795
704	136	ltm	116	counter	-6.679789365093239
705	136	ltm	118	clock	10.023818320599371
706	136	ltm	119	clock	6.5160339267593255
707	136	ltm	120	center	-4.310804865659049
708	136	ltm	121	counter	-12.925436173850482
709	136	ltm	124	counter	-28.99393506692165
710	136	ltm	125	center	2.535778009370021
711	136	ltm	126	counter	-26.14534132227021
712	136	ltm	127	center	1.6960556460425056
713	136	ltm	160	clock	156.298887861352
714	136	ltm	161	clock	146.206011187534
715	136	ltm	162	counter	-80.42262652847135
716	136	ltm	163	clock	106.7630903847968
717	136	ltm	164	clock	14.258818328539729
718	136	ltm	165	counter	-107.14159590963732
719	136	ltm	166	clock	119.93677384279981
720	136	ltm	167	clock	88.2082521201892
721	136	ltm	168	clock	38.71540294510998
722	136	ltm	169	counter	-69.18157705617877
723	136	ltm	170	clock	-177.91925013453582
724	136	ltm	171	counter	-27.68884887245996
725	136	ltm	172	counter	-160.40093293219942
726	136	ltm	173	counter	-20.00990981288223
727	136	ltm	174	clock	47.01157927537265
728	136	ltm	175	counter	-138.27774279800457
729	136	perception	0	counter	-11.01656532732664
730	136	perception	1	clock	3.8789976834011446
731	136	perception	2	center	2.680498523380192
732	136	perception	3	clock	3.488252841516548
733	136	perception	4	clock	3.097546726041147
734	136	perception	5	counter	-8.97868684079997
735	136	perception	6	counter	-8.011092967996909
736	136	perception	7	counter	-10.469912141538952
737	136	perception	8	counter	-2.822938053490255
738	136	perception	9	counter	-10.664510289681402
739	136	perception	10	counter	-6.952347416844444
740	136	perception	11	clock	11.571557172266008
741	136	perception	12	clock	3.042586669723418
742	136	perception	13	counter	-9.260012514814942
743	136	perception	14	counter	-2.560577598980592
744	136	perception	15	counter	-10.705790944405106
745	136	perception	48	clock	10.850947188842394
746	136	perception	49	counter	-11.09890970064258
747	136	perception	50	counter	-12.455207525353048
748	136	perception	51	counter	-4.622984875133206
749	136	perception	52	clock	8.490194303129746
750	136	perception	53	counter	-10.253633231906704
751	136	perception	54	clock	4.096397528765106
752	136	perception	55	clock	2.9825351805017877
753	136	perception	56	clock	8.509592980839244
754	136	perception	57	counter	-13.261336555508345
755	136	perception	58	counter	-13.942864392105692
756	136	perception	59	counter	-5.1189592032435565
757	136	perception	60	clock	10.198829595694129
758	136	perception	61	clock	3.855738338848109
759	136	perception	62	clock	7.766648337209713
760	136	perception	63	counter	-15.43129768305072
761	136	perception	96	clock	6.023560204630158
762	136	perception	97	counter	-3.6668363412378717
763	136	perception	98	counter	-4.02933222480599
764	136	perception	99	counter	-4.9343538483658165
765	136	perception	100	counter	-2.214480232891251
766	136	perception	101	center	2.026301238087398
767	136	perception	102	counter	-9.265683243688551
768	136	perception	103	counter	-6.188075368773222
769	136	perception	104	center	-0.6144748991624581
770	136	perception	105	center	2.472002261461087
771	136	perception	106	counter	-12.603978337084897
772	136	perception	107	clock	7.183659121248712
773	136	perception	108	clock	5.073710564630594
774	136	perception	109	counter	-4.689060073168176
775	136	perception	110	counter	-6.01604742314311
776	136	perception	111	counter	-4.691354719838508
777	136	perception	144	clock	119.30678231815271
778	136	perception	145	counter	-35.27875227396433
779	136	perception	146	counter	-59.22848058457595
780	136	perception	147	counter	-26.907584550858694
781	136	perception	148	clock	68.74404727918547
782	136	perception	149	clock	102.39369686653232
783	136	perception	150	counter	-144.68306735829603
784	136	perception	151	clock	22.991682710403712
785	136	perception	152	counter	-108.47331252350637
786	136	perception	153	counter	-129.86474135562884
787	136	perception	154	clock	153.1616693865046
788	136	perception	155	clock	29.728097599804304
789	136	perception	156	clock	147.85730280906293
790	136	perception	157	clock	83.56504694497868
791	136	perception	158	counter	-92.71314239440528
792	136	perception	159	clock	-168.3581513237148
793	136	wm	16	counter	-8.418645637596054
794	136	wm	17	counter	-19.836714681967244
795	136	wm	18	center	-3.959751318004824
796	136	wm	19	clock	5.158944480974453
797	136	wm	20	counter	-4.790254942593124
798	136	wm	21	counter	-6.262948356997946
799	136	wm	22	center	-2.1101102464738264
800	136	wm	23	counter	-17.86891523244292
801	136	wm	24	counter	-6.562319267286496
802	136	wm	25	center	2.792820259524392
803	136	wm	26	counter	-17.502549561907728
804	136	wm	27	clock	8.37601019036364
805	136	wm	28	center	-0.8629235737882631
806	136	wm	29	counter	-10.31125073168758
807	136	wm	30	clock	16.293575711725282
808	136	wm	31	center	0.4301955980435707
809	136	wm	80	counter	-17.53363297382576
810	136	wm	81	counter	-10.03252561729813
811	136	wm	82	center	3.0158434607607134
812	136	wm	83	counter	-19.630597751492274
813	136	wm	84	center	2.3913252806123904
814	136	wm	85	clock	4.648559702771169
815	136	wm	86	counter	-21.73118530570023
816	136	wm	87	counter	-9.003115025571686
817	136	wm	88	clock	7.57935624218925
818	136	wm	89	clock	-7.991935548526669
819	136	wm	90	clock	7.822010908822171
820	136	wm	91	counter	-8.291860724012102
821	136	wm	92	clock	9.54673732587064
822	136	wm	93	center	3.882856677660057
823	136	wm	94	center	-3.9289224871778976
824	136	wm	95	counter	-6.3430261552323595
825	136	wm	128	center	3.9906247159493136
826	136	wm	129	center	-2.5702143033988545
827	136	wm	131	counter	-27.395310795670543
828	136	wm	133	counter	-18.26603000099479
829	136	wm	135	clock	13.227074881720212
830	136	wm	136	counter	27.262372479225345
831	136	wm	137	clock	19.05336648581208
832	136	wm	139	counter	-23.781541668057088
833	136	wm	141	center	-0.3616070710928356
834	136	wm	142	clock	8.79015026287256
835	136	wm	143	center	-0.8486265344101217
836	136	wm	176	counter	-102.01351377150633
837	136	wm	177	clock	-173.57540904518098
838	136	wm	178	clock	43.323272183126846
839	136	wm	179	clock	98.66632673317272
840	136	wm	180	counter	-54.16425120065264
841	136	wm	181	clock	18.12728346739915
842	136	wm	182	counter	-150.94317258158125
843	136	wm	183	clock	119.92370861596156
844	136	wm	184	clock	147.06847003966516
845	136	wm	185	clock	162.62958952003711
846	136	wm	186	counter	-145.47960584560698
847	136	wm	187	clock	78.63948506507056
848	136	wm	188	counter	-65.34381868337083
849	136	wm	189	counter	-87.26888382678365
850	136	wm	190	counter	-13.731512327964156
851	136	wm	191	clock	52.87481106356252
852	139	ltm	16	counter	-33.65148558600664
853	139	ltm	17	counter	-63.9692839506704
854	139	ltm	18	counter	51.0879867398437
855	139	ltm	19	clock	24.408122630739296
856	139	ltm	20	counter	124.69388846575842
857	139	ltm	21	counter	-130.1687642808642
858	139	ltm	22	clock	43.513114037316136
859	139	ltm	24	counter	-13.366567520784198
860	139	ltm	25	counter	80.50472726448857
861	139	ltm	26	counter	-26.9373213487216
862	139	ltm	27	counter	-155.62343375722284
863	139	ltm	28	counter	-174.04579502783778
864	139	ltm	29	counter	-151.7158603881866
865	139	ltm	30	counter	109.1189060142371
866	139	ltm	31	counter	-57.48973840425145
867	139	ltm	64	counter	144.70435740923958
868	139	ltm	65	counter	122.81508093059938
869	139	ltm	66	counter	-152.9690393395572
870	139	ltm	67	clock	19.67471212529157
871	139	ltm	68	counter	105.72603815545426
872	139	ltm	69	counter	-135.10336265572758
873	139	ltm	70	counter	78.84105049956878
874	139	ltm	71	counter	-19.48395684500812
875	139	ltm	72	counter	-65.63735167836498
876	139	ltm	73	counter	-39.94642383345865
877	139	ltm	74	counter	-178.45895182933376
878	139	ltm	75	counter	-47.54664515269614
879	139	ltm	76	clock	37.55543251519631
880	139	ltm	77	counter	-101.3850143239369
881	139	ltm	78	counter	48.02796688564888
882	139	ltm	79	counter	-164.75696438742636
883	139	perception	0	counter	110.11614745158236
884	139	perception	1	counter	179.1141668873016
885	139	perception	2	counter	-6.985295897299252
886	139	perception	3	counter	-69.84198524317047
887	139	perception	4	counter	-115.99771476998149
888	139	perception	5	counter	-63.77198044104791
889	139	perception	6	counter	-70.83196780372805
890	139	perception	7	counter	55.38783425293991
891	139	perception	8	counter	85.55143527028486
892	139	perception	9	counter	-139.3911330819753
893	139	perception	10	counter	-72.5018544458659
894	139	perception	11	counter	-95.07044754189448
895	139	perception	12	clock	49.913719907251696
896	139	perception	13	counter	111.4142011709056
897	139	perception	14	clock	15.340603844026854
898	139	perception	15	counter	-175.5371053506335
899	139	perception	48	counter	-158.81325853285298
900	139	perception	49	counter	115.70369071476712
901	139	perception	50	counter	-42.291786597736376
902	139	perception	51	counter	-98.25304101892448
903	139	perception	52	counter	55.63347103849628
904	139	perception	53	counter	-154.02322849697433
905	139	perception	54	counter	148.5184499038446
906	139	perception	55	counter	107.0220265210298
907	139	perception	56	counter	-66.17165749446951
908	139	perception	57	counter	174.43684487643384
909	139	perception	58	clock	49.2940626599571
910	139	perception	59	clock	17.56460264788823
911	139	perception	60	counter	-72.6449692926604
912	139	perception	61	counter	-115.49787492526951
913	139	perception	62	counter	88.09633799264202
914	139	perception	63	counter	-2.988638144603869
915	139	wm	32	counter	113.98296658748536
916	139	wm	33	clock	39.51793864680055
917	139	wm	34	counter	157.52981302158037
918	139	wm	35	counter	124.83304632061478
919	139	wm	36	counter	-74.82731455262679
920	139	wm	37	counter	-59.422864873559526
921	139	wm	38	counter	80.98353295858425
922	139	wm	39	center	1.7455458864659934
923	139	wm	40	counter	-62.78726919741912
924	139	wm	41	counter	-79.80018066998862
925	139	wm	42	clock	7.068867268492901
926	139	wm	43	counter	-149.37257976676358
927	139	wm	44	counter	169.561605284945
928	139	wm	45	counter	-163.67937348107475
929	139	wm	46	counter	-17.46964451362061
930	139	wm	47	counter	80.33586943034192
931	139	wm	80	counter	147.62569838271818
932	139	wm	81	counter	-101.95641724394947
933	139	wm	82	counter	-23.47016242550128
934	139	wm	83	counter	119.05204961164075
935	139	wm	84	clock	12.759636508767104
936	139	wm	85	clock	36.93825008753789
937	139	wm	86	counter	-54.92573473826658
938	139	wm	87	counter	-126.32544901482656
939	139	wm	88	counter	-152.19118843763746
940	139	wm	89	counter	-169.11315963979965
941	139	wm	90	counter	161.00999847969274
942	139	wm	91	counter	101.58174568056812
943	139	wm	92	counter	63.11917336212895
944	139	wm	93	counter	68.92057438010966
945	139	wm	94	center	-3.2384081761360823
946	139	wm	95	counter	-80.26443330790234
947	141	ltm	16	center	-1.9967602456396607
948	141	ltm	17	center	0.1285376886982359
949	141	ltm	18	center	3.567942838486532
950	141	ltm	19	center	-1.5411472284906182
951	141	ltm	20	center	1.826672904878376
952	141	ltm	21	counter	-13.866653041417049
953	141	ltm	22	clock	8.088246828439095
954	141	ltm	23	center	0.5465857420484939
955	141	ltm	24	center	-3.504039334666388
956	141	ltm	25	center	-1.8805754781647368
957	141	ltm	26	clock	-11.057458224919742
958	141	ltm	27	counter	-8.243093319369788
959	141	ltm	28	center	1.1753611136481328
960	141	ltm	29	center	1.082805982563115
961	141	ltm	30	clock	27.68381072358077
962	141	ltm	31	center	4.259165631084842
963	141	ltm	64	counter	-13.810774509858309
964	141	ltm	65	clock	18.44293791670828
965	141	ltm	66	center	-1.395160166844703
966	141	ltm	67	clock	15.464621719190989
967	141	ltm	68	center	-0.5520396530850353
968	141	ltm	69	counter	-34.255259803180174
969	141	ltm	70	center	-0.5431737970701515
970	141	ltm	71	counter	-5.998924794736092
971	141	ltm	72	clock	18.160037396517065
972	141	ltm	73	center	-3.758711039186005
973	141	ltm	74	counter	-21.192240903226462
974	141	ltm	75	center	-1.5271448372413634
975	141	ltm	76	clock	12.495190462307566
976	141	ltm	77	clock	24.909119448826885
977	141	ltm	78	clock	6.157571840173696
978	141	ltm	79	clock	16.178269812549903
979	141	ltm	112	counter	-11.155816953769255
980	141	ltm	113	clock	4.430576397928934
981	141	ltm	114	center	1.990907339699972
982	141	ltm	115	counter	-5.9222958321228765
983	141	ltm	116	center	2.6529533266592096
984	141	ltm	117	clock	7.044794124753817
985	141	ltm	118	center	3.6113071470609297
986	141	ltm	119	counter	-15.68658919318063
987	141	ltm	120	clock	12.282705725609985
988	141	ltm	121	center	-3.152389268138839
989	141	ltm	122	clock	10.693105188532977
990	141	ltm	123	counter	-8.530754513684295
991	141	ltm	124	counter	-8.447868329513252
992	141	ltm	125	clock	4.955330306373486
993	141	ltm	126	clock	5.851401584019313
994	141	ltm	127	center	-2.747618735573309
995	141	ltm	160	clock	7.89752392980429
996	141	ltm	161	center	-3.720166245617294
997	141	ltm	162	clock	13.216900659781857
998	141	ltm	163	counter	166.22716405574965
999	141	ltm	164	center	2.3540497525182063
1000	141	ltm	165	counter	-5.749708172742377
1001	141	ltm	166	counter	-9.553030893058612
1002	141	ltm	167	center	1.813395733638222
1003	141	ltm	168	counter	-25.12173156833728
1004	141	ltm	169	counter	-12.126228090674443
1005	141	ltm	170	clock	18.210798454855947
1006	141	ltm	171	clock	11.768295535624716
1007	141	ltm	172	center	-1.6981875076887922
1008	141	ltm	173	center	0.7300988833184406
1009	141	ltm	174	counter	-10.790403853093606
1010	141	ltm	175	clock	4.599919856253733
1011	141	perception	0	counter	-6.975854485668122
1012	141	perception	1	center	-1.3247422464799263
1013	141	perception	2	center	2.161258284137033
1014	141	perception	3	counter	-15.259244797873702
1015	141	perception	4	counter	-16.549894977255928
1016	141	perception	5	center	2.638470577783349
1017	141	perception	6	counter	-3.7173603324760593
1018	141	perception	7	center	2.638888792395232
1019	141	perception	8	clock	5.515262955954569
1020	141	perception	9	clock	13.454575908404204
1021	141	perception	10	clock	14.297710509638945
1022	141	perception	11	counter	-19.17660830195308
1023	141	perception	12	clock	7.019608999386588
1024	141	perception	13	counter	-6.194299223630268
1025	141	perception	14	clock	5.560849735555593
1026	141	perception	48	clock	18.12187397877109
1027	141	perception	49	clock	11.724430109008404
1028	141	perception	50	counter	-6.8516213347648085
1029	141	perception	51	counter	-10.575009440000189
1030	141	perception	52	counter	-17.354775194131772
1031	141	perception	53	counter	-17.886378825382526
1032	141	perception	54	clock	25.92589791054911
1033	141	perception	55	clock	9.986069549314946
1034	141	perception	56	counter	-10.81719623198258
1035	141	perception	57	center	0.0512733695333232
1036	141	perception	58	counter	-10.116860954759064
1037	141	perception	59	center	2.451092912915379
1038	141	perception	60	center	-1.1931713543248816
1039	141	perception	61	counter	-8.626719227707616
1040	141	perception	62	clock	24.90269327143298
1041	141	perception	63	center	-1.001423154671632
1042	141	perception	96	clock	16.99439227508887
1043	141	perception	97	center	1.5579307194585807
1044	141	perception	98	center	1.7038513833868674
1045	141	perception	99	clock	10.498973609435213
1046	141	perception	100	counter	-3.774314819793571
1047	141	perception	101	clock	3.0671131852098847
1048	141	perception	102	center	-0.5306241069526694
1049	141	perception	103	counter	-2.095407007337772
1050	141	perception	104	clock	7.223896515972633
1051	141	perception	105	clock	13.33723290240906
1052	141	perception	106	clock	11.303509789106066
1053	141	perception	107	counter	-11.482838071490294
1054	141	perception	108	clock	8.285301018263143
1055	141	perception	109	clock	3.455620957560779
1056	141	perception	110	clock	8.752016834563705
1057	141	perception	111	counter	-8.038546886022198
1058	141	perception	144	counter	-20.02923066395364
1059	141	perception	145	center	2.052493248028086
1060	141	perception	146	counter	-2.798117340163263
1061	141	perception	147	counter	-8.06181916561241
1062	141	perception	148	clock	7.700436399242923
1063	141	perception	149	clock	3.756472022245704
1064	141	perception	150	center	0.4715770409373067
1065	141	perception	151	center	2.1792087704837635
1066	141	perception	152	counter	-7.42851481853348
1067	141	perception	153	center	1.8410425552021903
1068	141	perception	154	clock	14.079829098646316
1069	141	perception	155	counter	-5.368209418074576
1070	141	perception	156	clock	7.2491822235626175
1071	141	perception	157	center	-1.239812366615611
1072	141	perception	158	counter	-8.589116768233936
1073	141	perception	159	center	1.5028331717052488
1074	141	wm	32	clock	15.254807029807466
1075	141	wm	33	clock	5.8470325425411165
1076	141	wm	34	center	-3.0141262348462625
1077	141	wm	35	clock	8.132668227451381
1078	141	wm	36	clock	14.845224591284468
1079	141	wm	37	clock	20.509780779499927
1080	141	wm	38	counter	-12.195757915945268
1081	141	wm	39	counter	-8.1507529445464
1082	141	wm	40	center	3.504741834891181
1083	141	wm	41	center	-1.7149981592886794
1084	141	wm	42	center	2.056282815923581
1085	141	wm	43	counter	-23.919789152876465
1086	141	wm	44	center	-2.821357683798983
1087	141	wm	45	counter	-4.511676575343422
1088	141	wm	46	clock	6.915624137615072
1089	141	wm	47	counter	-8.370940179145565
1090	141	wm	80	center	2.515971069289853
1091	141	wm	81	clock	22.32973496267098
1092	141	wm	82	counter	-11.138955856739548
1093	141	wm	83	counter	-5.301095303579751
1094	141	wm	84	counter	-9.490970443106905
1095	141	wm	85	clock	5.5208289977043
1096	141	wm	86	clock	13.648777138247825
1097	141	wm	87	counter	-8.800316392624199
1098	141	wm	88	counter	-7.705135673798224
1099	141	wm	89	center	1.2274769106354315
1100	141	wm	90	clock	8.205472034706474
1101	141	wm	91	counter	-12.26622849470094
1102	141	wm	92	counter	-9.161828926811651
1103	141	wm	93	clock	4.616528424849173
1104	141	wm	94	counter	-14.161159099927229
1105	141	wm	95	clock	9.319544817519963
1106	141	wm	128	center	-2.3123230548294127
1107	141	wm	129	counter	-41.358993594975686
1108	141	wm	130	counter	-5.592090960925108
1109	141	wm	131	clock	8.457368813880008
1110	141	wm	132	center	-0.2528013966081819
1111	141	wm	133	counter	-22.343744662747984
1112	141	wm	134	clock	7.186010309781557
1113	141	wm	135	clock	16.03516474272554
1114	141	wm	136	center	2.3136156663085248
1115	141	wm	137	clock	15.707538599393926
1116	141	wm	138	clock	11.74781914647192
1117	141	wm	139	center	0.128100022571097
1118	141	wm	140	center	2.1075414010025715
1119	141	wm	141	counter	-9.81071364910757
1120	141	wm	142	center	-1.2407078509249274
1121	141	wm	143	center	-2.196858810675244
1122	141	wm	176	clock	7.690141596239713
1123	141	wm	177	clock	5.014834356096504
1124	141	wm	178	clock	5.202330643734863
1125	141	wm	179	clock	14.262434518382555
1126	141	wm	180	counter	-32.793323480297325
1127	141	wm	181	clock	7.093226175348407
1128	141	wm	182	clock	13.138117332340796
1129	141	wm	183	counter	-6.6151813667411465
1130	141	wm	184	center	3.1193701996089778
1131	141	wm	185	counter	-7.047662231831711
1132	141	wm	186	counter	-5.06880621236121
1133	141	wm	187	center	-1.2059644898556192
1134	141	wm	188	counter	-4.708363053759258
1135	141	wm	189	clock	18.354066847547152
1136	141	wm	190	counter	-22.12317324634512
1137	141	wm	191	center	1.7559704903723343
1138	142	ltm	16	center	2.5587732588591896
1139	142	ltm	17	center	-3.5471960932923503
1140	142	ltm	18	clock	17.581457917295136
1141	142	ltm	19	center	-1.9052863767257806
1142	142	ltm	20	counter	16.522052743420886
1143	142	ltm	21	counter	-6.359961138474053
1144	142	ltm	22	center	-3.480364563766426
1145	142	ltm	23	clock	13.24154260512323
1146	142	ltm	24	center	-3.384080100327245
1147	142	ltm	25	clock	7.7975116480478555
1148	142	ltm	26	center	3.873554214498652
1149	142	ltm	27	counter	-5.652282264453845
1150	142	ltm	28	counter	-7.764542930146979
1151	142	ltm	29	center	-0.8051944508808558
1152	142	ltm	30	clock	8.090139922314862
1153	142	ltm	31	clock	13.607523103065908
1154	142	ltm	64	clock	16.85740175982095
1155	142	ltm	65	clock	11.360941737405916
1156	142	ltm	66	clock	11.796509729766546
1157	142	ltm	67	center	-0.9904807320217693
1158	142	ltm	68	clock	4.7365786879844
1159	142	ltm	69	clock	8.293018243113222
1160	142	ltm	70	center	-1.267495633873184
1161	142	ltm	71	clock	5.474723569704353
1162	142	ltm	72	clock	4.771084650914098
1163	142	ltm	73	center	-1.3381164507559309
1164	142	ltm	74	clock	12.620819935048
1165	142	ltm	75	center	1.510190808931129
1166	142	ltm	76	center	-5.128379783723789
1167	142	ltm	77	clock	10.652568402319863
1168	142	ltm	78	clock	6.53435950360797
1169	142	ltm	79	center	-4.873341990269696
1170	142	ltm	112	clock	9.797602712120964
1171	142	ltm	113	center	4.391692177728351
1172	142	ltm	114	clock	5.61751068736454
1173	142	ltm	115	center	3.698230984897672
1174	142	ltm	116	center	0.1643936527657651
1175	142	ltm	117	clock	15.392270204160022
1176	142	ltm	118	center	-2.4619629839871804
1177	142	ltm	119	clock	30.33108682186013
1178	142	ltm	120	clock	11.971773753775263
1179	142	ltm	121	center	1.054483613781024
1180	142	ltm	122	clock	7.971059915806805
1181	142	ltm	123	clock	10.361277562614095
1182	142	ltm	124	clock	6.557266122934166
1183	142	ltm	125	clock	5.710209826865454
1184	142	ltm	126	clock	8.114724357445017
1185	142	ltm	127	center	-1.8516596307736928
1186	142	ltm	160	clock	5.623125460538895
1187	142	ltm	161	center	4.318727999627869
1188	142	ltm	162	clock	5.468812501791672
1189	142	ltm	163	center	0.7482164704794467
1190	142	ltm	164	counter	-6.965679726357941
1191	142	ltm	165	clock	6.158635258697585
1192	142	ltm	166	clock	11.67914116033349
1193	142	ltm	167	clock	7.982219164144798
1194	142	ltm	168	center	-0.3613093309219196
1195	142	ltm	169	clock	23.03517991269159
1196	142	ltm	170	clock	5.773595798499895
1197	142	ltm	171	center	1.0788153146204873
1198	142	ltm	172	clock	7.257313510601534
1199	142	ltm	173	center	-5.133126219570247
1200	142	ltm	174	center	4.079619778048681
1201	142	ltm	175	counter	-9.725877623883347
1202	142	perception	0	center	2.147245344277987
1203	142	perception	1	center	-0.5645606667181581
1204	142	perception	2	counter	-2.450448569045668
1205	142	perception	3	center	-0.5721311778900074
1206	142	perception	4	center	2.0961733195647345
1207	142	perception	5	center	1.882395303675177
1208	142	perception	6	center	1.9427425671020433
1209	142	perception	7	clock	6.662871958555325
1210	142	perception	8	clock	5.472804033679411
1211	142	perception	9	center	-0.0358972474666524
1212	142	perception	10	center	0.3771747252591084
1213	142	perception	11	counter	-7.125536205986741
1214	142	perception	12	clock	4.532520394378183
1215	142	perception	13	center	0.5494841362780526
1216	142	perception	14	center	0.5860672934649811
1217	142	perception	15	center	-0.6598040835835504
1218	142	perception	48	center	1.1275598939393043
1219	142	perception	49	center	-0.6796249789347554
1220	142	perception	50	clock	4.29267470980743
1221	142	perception	51	counter	-4.152908452911693
1222	142	perception	52	clock	8.274082871840141
1223	142	perception	53	clock	4.624106231003375
1224	142	perception	54	center	0.5088178348446112
1225	142	perception	55	center	2.6586260202065723
1226	142	perception	56	counter	-4.490189740531712
1227	142	perception	57	clock	2.8734566652406897
1228	142	perception	58	clock	3.7368306712537303
1229	142	perception	59	clock	3.6080536663803673
1230	142	perception	60	clock	3.413444489479175
1231	142	perception	61	center	2.8137374871685594
1232	142	perception	62	center	-0.2472878401706472
1233	142	perception	63	center	2.3130341563661143
1234	142	perception	96	center	2.7780781177987515
1235	142	perception	97	center	2.703559415434116
1236	142	perception	98	clock	4.587633029962783
1237	142	perception	99	counter	-6.524666806418308
1238	142	perception	100	center	-0.6882044924311557
1239	142	perception	101	clock	7.99365752242961
1240	142	perception	102	clock	2.9202764815846223
1241	142	perception	103	counter	-4.017332315182755
1242	142	perception	104	center	-1.2523645474760858
1243	142	perception	105	clock	5.0795783173462805
1244	142	perception	106	center	0.6023318841223404
1245	142	perception	107	counter	-4.025952887514067
1246	142	perception	108	clock	2.8813048866887385
1247	142	perception	109	center	1.9101724544231
1248	142	perception	110	counter	-4.739562220120015
1249	142	perception	111	center	0.2318598197482204
1250	142	perception	144	clock	5.174304146665024
1251	142	perception	145	counter	-3.81781689609017
1252	142	perception	146	counter	-4.902357913260853
1253	142	perception	147	center	-0.8278261646353607
1254	142	perception	148	center	-1.004442237510003
1255	142	perception	149	center	-0.2651248267205382
1256	142	perception	150	clock	2.997681834110294
1257	142	perception	151	counter	-2.7905705094124973
1258	142	perception	152	counter	-2.1924077934067485
1259	142	perception	153	counter	-2.4922770180772296
1260	142	perception	154	clock	3.6355288092044615
1261	142	perception	155	clock	4.526046539610626
1262	142	perception	156	clock	6.569138611088259
1263	142	perception	157	counter	-3.4626350309165184
1264	142	perception	158	clock	4.296674450118921
1265	142	perception	159	center	-1.255656723874192
1266	142	wm	32	counter	-12.48451028167825
1267	142	wm	33	center	-2.2020024638625184
1268	142	wm	34	counter	-4.958116422514708
1269	142	wm	35	center	-3.376857850385435
1270	142	wm	36	center	-4.127884282448791
1271	142	wm	37	center	3.041264580389476
1272	142	wm	38	clock	10.308549718478252
1273	142	wm	40	center	3.3274478319886818
1274	142	wm	41	center	-1.6990244783831758
1275	142	wm	42	clock	5.520884183211409
1276	142	wm	43	clock	7.474787315147465
1277	142	wm	44	counter	-12.866175095467453
1278	142	wm	45	counter	-6.201156875444376
1279	142	wm	46	center	-2.189691360877238
1280	142	wm	47	center	-1.3399339558705663
1281	142	wm	80	center	0.9596644402843103
1282	142	wm	81	clock	7.730998573264109
1283	142	wm	82	counter	-8.581714624961041
1284	142	wm	83	center	3.994469209819964
1285	142	wm	84	center	4.040504919329673
1286	142	wm	85	clock	15.480774726307725
1287	142	wm	86	center	-3.073032510318336
1288	142	wm	87	center	0.682288045372976
1289	142	wm	88	center	-0.5806285691063987
1290	142	wm	89	clock	9.764968544930449
1291	142	wm	90	clock	5.336101358826631
1292	142	wm	91	center	0.6058217372859863
1293	142	wm	92	clock	4.446302938113597
1294	142	wm	93	clock	7.144840746065452
1295	142	wm	94	center	1.8207093647122645
1296	142	wm	95	counter	-5.947810907345557
1297	142	wm	128	clock	5.18196588024598
1298	142	wm	129	center	1.1289858721086792
1299	142	wm	130	clock	13.696938691462783
1300	142	wm	131	clock	4.825068045660432
1301	142	wm	132	clock	9.780579279874196
1302	142	wm	133	center	-2.628465570232108
1303	142	wm	134	counter	-7.318674342152866
1304	142	wm	135	clock	19.16989720399798
1305	142	wm	136	center	0.4062543581745746
1306	142	wm	137	counter	-9.198033718686204
1307	142	wm	138	counter	-4.92524351231238
1308	142	wm	139	clock	9.425489115051551
1309	142	wm	140	clock	9.17433284798967
1310	142	wm	141	center	-0.23387959849905088
1311	142	wm	142	counter	-8.682650145218549
1312	142	wm	143	clock	7.561983074850682
1313	142	wm	176	center	3.8028634575441536
1314	142	wm	177	center	-0.5302546223514032
1315	142	wm	178	counter	-4.705798784411251
1316	142	wm	179	clock	15.3108293044078
1317	142	wm	180	clock	10.75348161416042
1318	142	wm	181	center	-1.505583852482339
1319	142	wm	182	center	-0.8785367139385584
1320	142	wm	183	counter	-4.452884531283373
1321	142	wm	184	clock	5.426600442245273
1322	142	wm	185	clock	6.189577042028247
1323	142	wm	186	clock	5.79159224487516
1324	142	wm	187	counter	-8.372243247993397
1325	142	wm	188	counter	-5.45682374298669
1326	142	wm	189	clock	6.757909268585236
1327	142	wm	190	clock	4.800632387309489
1328	142	wm	191	center	1.246573648670919
